model,auc_roc,precision,recall,f1
Logistic Regression (Baseline),0.6120135363790187,0.28,0.4666666666666667,0.35
Random Forest (Tuned),0.6393401015228426,0.30597014925373134,0.6833333333333333,0.422680412371134
